vessel_name,cargo_name,route,total_days,tce,voyage_profit,net_revenue,total_costs,hire_cost,bunker_cost,port_cost
OCEAN HORIZON,BAUXITE_KAMSAR_QINGDAO,MAP TA PHUT -> KAMSAR -> QINGDAO,77.43837652439024,36833.7986087154,1632695.135226118,4088250.0,2455554.864773882,1219654.4302591463,1235900.4345147358,0
ANN BELL,IRONORE_ITAGUAI_QINGDAO,QINGDAO -> ITAGUAI -> QINGDAO,85.79166666666666,25194.410879067513,1153418.416666667,3863475.0,2710056.583333333,1008052.0833333333,1537004.5,165000
GOLDEN ASCENT,IRONORE_HEDLAND_LIANYUNGANG,FANGCHENG -> PORT HEDLAND -> LIANYUNGANG,30.982702907537544,16909.545661115244,91694.72395962547,1386000.0,1294305.2760403745,432208.70556014875,482096.57048022584,380000
