vessel_name,cargo_name,route,total_days,tce,voyage_profit,net_revenue,total_costs,hire_cost,bunker_cost,port_cost
OCEAN HORIZON,MKT_COAL_TABONEO_KRISHNAPATNAM,MAP TA PHUT -> TABONEO -> KRISHNAPATNAM,20.188386203058457,71596.53220952349,1127451.3603474037,1755000.0,627548.6396525962,317967.0826981707,219581.55695442556,90000
NAVIS PRIDE,MKT_BAUXITE_KAMSAR_MANGALORE,MUNDRA -> KAMSAR -> MANGALORE,42.63736263736264,70716.52130584192,2324440.6886446886,3753750.0,1429309.3113553114,690725.2747252748,588584.0366300367,150000
IRON CENTURY,MKT_IRONORE_PONTAMADEIRA_CAOFEIDIAN,PORT TALBOT -> PONTA DA MADEIRA -> CAOFEIDIAN,49.5925,50630.65203911882,1717420.61125,3474625.0,1757204.38875,793480.0,793724.3887499999,170000
