vessel_name,cargo_name,route,total_days,tce,voyage_profit,net_revenue,total_costs,hire_cost,bunker_cost,port_cost
NAVIS PRIDE,BAUXITE_KAMSAR_QINGDAO,MUNDRA -> KAMSAR -> QINGDAO,63.34529914529915,48918.741004398624,2201992.882735043,4088250.0,1886257.1172649574,896779.4000000001,989477.7172649573,0
IRON CENTURY,MKT_BAUXITE_KAMSAR_MANGALORE,PORT TALBOT -> KAMSAR -> MANGALORE,42.29166666666667,43090.787684729046,1041930.8124999991,2534779.5833333326,1492848.7708333335,780450.4166666667,562398.3541666666,150000
CORAL EMPEROR,IRONORE_ITAGUAI_QINGDAO,ROTTERDAM -> ITAGUAI -> QINGDAO,67.16347982282343,38167.73601577827,1324043.1111281915,3863475.0,2539431.8888718085,1239434.8566503837,1134997.0322214249,165000
