vessel_name,cargo_name,route,total_days,tce,voyage_profit,net_revenue,total_costs,hire_cost,bunker_cost,port_cost
NAVIS PRIDE,BAUXITE_KAMSAR_QINGDAO,MUNDRA -> KAMSAR -> QINGDAO,63.34529914529915,48918.741004398624,3098772.2827350427,4088250.0,989477.7172649573,0.0,989477.7172649573,0
IRON CENTURY,IRONORE_ITAGUAI_QINGDAO,PORT TALBOT -> ITAGUAI -> QINGDAO,66.55083333333333,38231.0148695859,2544305.8987499997,3863475.0,1319169.10125,0.0,1154169.10125,165000
OCEAN HORIZON,IRONORE_HEDLAND_LIANYUNGANG,MAP TA PHUT -> PORT HEDLAND -> LIANYUNGANG,28.98192327235772,18790.18808467572,88110.49780360796,1386000.0,1297889.502196392,456465.29153963405,461424.21065675805,380000
