delay_days,total_profit,profit_loss,voyages_affected
0,2877808.27585241,0.0,3
2,2794908.27585241,82900.0,3
4,2712008.27585241,165800.0,3
6,2629108.27585241,248700.0,3
8,2546208.27585241,331600.0,3
10,2463308.27585241,414500.0,3
12,2380408.27585241,497400.0,3
15,2256058.27585241,621750.0,3
