delay_days,total_profit,profit_loss,voyages_affected
0,5731188.67928865,0.0,3
2,5699688.67928865,31500.0,3
4,5668188.67928865,63000.0,3
6,5636688.67928865,94500.0,3
8,5605188.67928865,126000.0,3
10,5573688.67928865,157500.0,3
12,5542188.67928865,189000.0,3
15,5494938.67928865,236250.0,3
