delay_days,total_profit,profit_loss,voyages_affected
0,3699868.0841324152,0.0,0
2,3563418.0841324152,136450.0,4
4,3426968.0841324152,272900.0,4
6,3290518.0841324152,409350.0,4
8,3154068.0841324152,545800.0,4
10,3017618.0841324152,682250.0,4
12,2881168.0841324152,818700.0,4
15,2676493.0841324152,1023375.0,4
