delay_days,total_profit,profit_loss,voyages_affected
0,5169312.660242092,0.0,1
2,5137312.660242092,32000.0,1
4,5105312.660242092,64000.0,1
6,5073312.660242092,96000.0,1
8,5041312.660242092,128000.0,1
10,5009312.660242092,160000.0,1
12,4977312.660242092,192000.0,1
15,4929312.660242092,240000.0,1
