delay_days,total_profit,profit_loss,voyages_affected
0,4567966.806363233,0.0,2
2,4475839.832310848,92126.97405238543,2
4,4383712.858258462,184253.94810477179,2
6,4291585.884206076,276380.9221571572,2
8,4199458.910153691,368507.89620954264,2
10,4107331.9361013053,460634.87026192807,2
12,4015204.9620489203,552761.844314313,2
15,3877014.500970342,690952.3053928912,2
