delay_days,total_profit,profit_loss,voyages_affected
0,4567966.806363233,0.0,2
2,4502744.806363233,65222.0,2
4,4437522.806363233,130444.0,2
6,4372300.806363233,195666.0,2
8,4307078.806363233,260888.0,2
10,4241856.806363233,326110.0,2
12,4176634.8063632334,391332.0,2
15,4078801.8063632334,489165.0,2
